Accuracy,RMSE,MAE
0.8792586317521053,2901.3385388025363,1637.8845488340316